implementation,algorithm,bytes,iterations,elapsed_ns,ns_per_byte
c,0,1200,100000,65867000,0.274446
kotlin,0,1200,100000,73612000,0.3067166666666667
kotlin,0,1200,100000,73487000,0.30619583333333333
c,0,1200,100000,65825000,0.274271
c,0,1200,100000,66626000,0.277608
kotlin,0,1200,100000,73919000,0.30799583333333336
kotlin,0,1200,100000,74650000,0.31104166666666666
c,0,1200,100000,72713000,0.302971
c,0,1200,100000,84115000,0.350479
kotlin,0,1200,100000,78553000,0.3273041666666667
kotlin,0,1200,100000,74372000,0.30988333333333334
c,0,1200,100000,70551000,0.293963
c,0,16384,100000,472013000,0.144047
kotlin,0,16384,100000,527244000,0.160902099609375
kotlin,0,16384,100000,447067000,0.13643402099609375
c,0,16384,100000,432486000,0.131984
c,0,16384,100000,426188000,0.130062
kotlin,0,16384,100000,434889000,0.13271759033203126
kotlin,0,16384,100000,434831000,0.13269989013671876
c,0,16384,100000,427079000,0.130334
c,0,16384,100000,424932000,0.129679
kotlin,0,16384,100000,434353000,0.13255401611328124
kotlin,0,16384,100000,433577000,0.13231719970703126
c,0,16384,100000,436852000,0.133317
c,1,1200,100000,72815000,0.303396
kotlin,1,1200,100000,80947000,0.3372791666666667
kotlin,1,1200,100000,80125000,0.3338541666666667
c,1,1200,100000,73037000,0.304321
c,1,1200,100000,73005000,0.304187
kotlin,1,1200,100000,80231000,0.3342958333333333
kotlin,1,1200,100000,81164000,0.33818333333333334
c,1,1200,100000,73093000,0.304554
c,1,1200,100000,73554000,0.306475
kotlin,1,1200,100000,80475000,0.3353125
kotlin,1,1200,100000,81042000,0.337675
c,1,1200,100000,115147000,0.479779
c,1,16384,100000,512231000,0.156320
kotlin,1,16384,100000,513430000,0.1566864013671875
kotlin,1,16384,100000,515517000,0.15732330322265625
c,1,16384,100000,505964000,0.154408
c,1,16384,100000,543079000,0.165735
kotlin,1,16384,100000,513344000,0.15666015625
kotlin,1,16384,100000,531857000,0.16230987548828124
c,1,16384,100000,524978000,0.160211
c,1,16384,100000,531140000,0.162091
kotlin,1,16384,100000,517086000,0.1578021240234375
kotlin,1,16384,100000,513104000,0.1565869140625
c,1,16384,100000,504147000,0.153853
c,2,1200,100000,244963000,1.020679
kotlin,2,1200,100000,253992000,1.0583
kotlin,2,1200,100000,255978000,1.066575
c,2,1200,100000,262707000,1.094612
c,2,1200,100000,348484000,1.452017
kotlin,2,1200,100000,250729000,1.0447041666666665
kotlin,2,1200,100000,248903000,1.0370958333333333
c,2,1200,100000,244440000,1.018500
c,2,1200,100000,244954000,1.020642
kotlin,2,1200,100000,250757000,1.0448208333333333
kotlin,2,1200,100000,248548000,1.0356166666666666
c,2,1200,100000,245479000,1.022829
c,2,16384,100000,1932210000,0.589664
kotlin,2,16384,100000,2056156000,0.627489013671875
kotlin,2,16384,100000,1933845000,0.5901626586914063
c,2,16384,100000,1918749000,0.585556
c,2,16384,100000,1919055000,0.585649
kotlin,2,16384,100000,1921718000,0.5864617919921875
kotlin,2,16384,100000,1926646000,0.5879656982421875
c,2,16384,100000,1913116000,0.583837
c,2,16384,100000,2166325000,0.661110
kotlin,2,16384,100000,1917646000,0.5852191162109375
kotlin,2,16384,100000,1922607000,0.5867330932617187
c,2,16384,100000,1950220000,0.595160
